{
    "iteration": 3,
    "start_lr": 2.056512308348651e-09,
    "end_lr": 2.0565123083486511e-07,
    "suggested_lr": 2.5950242113997355e-09,
    "min_loss": 4.196960075597598,
    "is_best": false,
    "current_best_lr": 1.629750834620644e-07,
    "current_best_loss": 3.6662474079648613
}